predict_id,filename,timestamp,track_id,width,height,x_person,y_person,w_person,h_person
82b34072-445d-461a-9389-0a05d35f3ea3,testvideo.mp4,0.0,1,480,854,0,238,113,389
2bb48839-9140-4f06-b49f-d8a7de308e2e,testvideo.mp4,0.0,2,480,854,314,173,166,597
d898bd3a-8718-49e1-9998-872e0d1ad5df,testvideo.mp4,0.5,1,480,854,0,230,133,435
8ba39065-80c6-41f0-b330-ce59e08e9634,testvideo.mp4,0.5,2,480,854,279,143,201,604
e1972728-61ec-4065-b31f-eca0edc8c4b4,testvideo.mp4,1.0,1,480,854,2,230,153,449
38fbbbcf-9394-4983-8c7e-a7fc672c2d8f,testvideo.mp4,1.0,2,480,854,298,144,181,620
3fda0e2f-bce0-47b1-a63a-a3dbf3cc97ca,testvideo.mp4,1.5,1,480,854,3,225,160,458
bb41bfcb-ff53-491c-8e4b-0c9b278f8bdc,testvideo.mp4,1.5,2,480,854,304,146,176,614
d97c957a-a8f8-4c10-a0b2-84d2d53aed8f,testvideo.mp4,2.0,1,480,854,19,218,160,470
df9a472e-9f3d-4367-a0da-1f77a02e1060,testvideo.mp4,2.0,2,480,854,319,148,161,622
7f0a02e1-925c-48c8-98ed-fd460ae04459,testvideo.mp4,2.5,1,480,854,21,219,162,467
28a62314-a74d-421c-810d-ed58581098e7,testvideo.mp4,2.5,2,480,854,321,166,158,597
e5a8c5d7-710a-40f8-8e59-23d4aea1b192,testvideo.mp4,3.0,1,480,854,16,216,176,471
774c23ba-144a-437d-919d-b284c8d53ea9,testvideo.mp4,3.0,2,480,854,312,168,167,587
09f61142-5c88-4484-af00-5f330a6dc089,testvideo.mp4,3.5,1,480,854,19,217,161,472
12fa13e7-750d-47fd-ae93-7884b1e79424,testvideo.mp4,3.5,2,480,854,314,162,165,591
1cd47f8f-ad65-47a5-b35d-bb3925260946,testvideo.mp4,4.0,1,480,854,29,214,169,475
e4211499-fb7e-4714-b0fd-9ac194e8d9de,testvideo.mp4,4.0,2,480,854,303,166,177,586
64ff1e5a-9193-4385-99c1-a082485cb12d,testvideo.mp4,4.5,1,480,854,17,214,186,475
5cd6b1f6-ec95-464c-b52a-c78d77a72d59,testvideo.mp4,4.5,2,480,854,270,169,195,582
a2f0f9a7-06f4-4559-9254-f998ed910ba3,testvideo.mp4,5.0,1,480,854,22,216,170,482
9adc5365-a440-46fa-bfca-69a56a06180f,testvideo.mp4,5.0,2,480,854,244,188,189,568
ebc098c3-0bc4-4664-ac7c-6977c7cfb3db,testvideo.mp4,5.5,1,480,854,21,222,176,463
f9c5bb97-7610-43a6-beb2-e88baf3f6f95,testvideo.mp4,5.5,2,480,854,237,188,187,563
0ac52d4b-2bf9-4a48-961d-2cef2177b80f,testvideo.mp4,6.0,1,480,854,24,215,166,478
b25fe833-2b49-43a8-b56c-4d78b8368fec,testvideo.mp4,6.0,2,480,854,249,173,191,571
7b93d5fc-9ce8-44b7-bd50-9d68be089962,testvideo.mp4,6.5,1,480,854,23,215,162,483
4ad660fd-1d66-4f01-b131-78c07855b767,testvideo.mp4,6.5,2,480,854,237,158,197,599
71a5ebc3-497d-48c4-9312-94ee9de1ea8c,testvideo.mp4,7.0,1,480,854,29,231,161,469
9346639e-fe72-4187-822e-42c53e31b075,testvideo.mp4,7.0,2,480,854,242,166,202,596
07df6427-444a-4dea-870a-a655bdb82ab9,testvideo.mp4,7.5,1,480,854,28,229,161,478
c3c34469-1cfc-4658-883b-2ecf3c8bca87,testvideo.mp4,7.5,2,480,854,234,180,207,599
87f5d83b-e9bc-4038-b6b3-a25a36201a15,testvideo.mp4,8.0,1,480,854,27,226,167,474
08e0a98e-fab1-4867-a40f-0d8a530f7edb,testvideo.mp4,8.0,2,480,854,241,173,204,576
0b9668b3-75b6-436f-bb70-d921db715ceb,testvideo.mp4,8.5,1,480,854,22,210,166,483
8ea058ac-f3e1-4945-b377-fe1bb6b4bdb3,testvideo.mp4,8.5,2,480,854,231,161,210,594
f8f7d1d8-536f-43dd-93d7-5c04bd1a5dd0,testvideo.mp4,9.0,1,480,854,36,207,159,484
979cd51e-ba64-4995-9498-bd35dab79166,testvideo.mp4,9.0,2,480,854,233,159,211,593
991867d2-d42a-4404-82c3-64d363b634a0,testvideo.mp4,9.5,1,480,854,42,208,173,482
c21fe9a5-6931-40e2-a810-9f319bcde628,testvideo.mp4,9.5,2,480,854,232,160,202,594
13b35c3a-605e-44b5-b199-49b487e07e0a,testvideo.mp4,10.0,1,480,854,54,210,155,477
18e0c1da-67ee-404f-84f5-01dbfb8968f2,testvideo.mp4,10.0,2,480,854,236,162,211,592
aa02b0b4-6e23-4c1f-ab9d-b713b24ad8cc,testvideo.mp4,10.5,1,480,854,18,235,153,438
356632b2-f6f7-4f8d-81e3-598087f10f81,testvideo.mp4,10.5,2,480,854,237,195,217,564
7d3f1ccb-c6e1-48c9-942a-d69a2f65b304,testvideo.mp4,11.0,2,480,854,273,163,198,613
